--DDL user

-- USER SQL
CREATE USER BANCO IDENTIFIED BY banco 
DEFAULT TABLESPACE "USERS"
TEMPORARY TABLESPACE "TEMP";

-- QUOTAS
ALTER USER BANCO QUOTA UNLIMITED ON USERS;

-- ROLES

-- SYSTEM PRIVILEGES
GRANT CREATE TABLE TO BANCO ;
GRANT CREATE SESSION TO BANCO ;


Alter session set current_schema = BANCO;

--------------------------------------------------------
--  DDL for Table CLIENTE
--------------------------------------------------------

  CREATE TABLE "CLIENTE" 
   (	"NOMBRE_CLIENTE" VARCHAR2(100 BYTE), 
	"CALLE_CLIENTE" VARCHAR2(100 BYTE), 
	"CIUDAD_CLIENTE" VARCHAR2(100 BYTE)
   ) ;
--------------------------------------------------------
--  DDL for Table CUENTA
--------------------------------------------------------

  CREATE TABLE "CUENTA" 
   (	"NUMERO_CUENTA" VARCHAR2(50 BYTE), 
	"SALDO" FLOAT(126), 
	"NOMBRE_SUCURSAL" VARCHAR2(50 BYTE)
   ) ;
--------------------------------------------------------
--  DDL for Table IMPOSITOR
--------------------------------------------------------

  CREATE TABLE "IMPOSITOR" 
   (	"NUMERO_CUENTA" VARCHAR2(50 BYTE), 
	"NOMBRE_CLIENTE" VARCHAR2(100 BYTE)
   ) ;
--------------------------------------------------------
--  DDL for Table PRESTAMO
--------------------------------------------------------

  CREATE TABLE "PRESTAMO" 
   (	"NUMERO_PRESTAMO" VARCHAR2(50 BYTE), 
	"IMPORTE" FLOAT(126), 
	"NOMBRE_SUCURSAL" VARCHAR2(50 BYTE)
   ) ;
--------------------------------------------------------
--  DDL for Table PRESTATARIO
--------------------------------------------------------

  CREATE TABLE "PRESTATARIO" 
   (	"NOMBRE_CLIENTE" VARCHAR2(100 BYTE), 
	"NUMERO_PRESTAMO" VARCHAR2(50 BYTE)
   ) ;
--------------------------------------------------------
--  DDL for Table SUCURSAL
--------------------------------------------------------

  CREATE TABLE "SUCURSAL" 
   (	"NOMBRE_SUCURSAL" VARCHAR2(50 BYTE), 
	"CIUDAD_SUCURSAL" VARCHAR2(100 BYTE), 
	"ACTIVOS" FLOAT(126)
   ) ;

SET DEFINE OFF;
Insert into CLIENTE (NOMBRE_CLIENTE,CALLE_CLIENTE,CIUDAD_CLIENTE) values ('Abril','10','Peguerinos');
Insert into CLIENTE (NOMBRE_CLIENTE,CALLE_CLIENTE,CIUDAD_CLIENTE) values ('Fernéndez','10','Arganzuela');
Insert into CLIENTE (NOMBRE_CLIENTE,CALLE_CLIENTE,CIUDAD_CLIENTE) values ('Gómez','15','Arganzuela');
Insert into CLIENTE (NOMBRE_CLIENTE,CALLE_CLIENTE,CIUDAD_CLIENTE) values ('González','12','Peguerinos');
Insert into CLIENTE (NOMBRE_CLIENTE,CALLE_CLIENTE,CIUDAD_CLIENTE) values ('López','12','Arganzuela');
Insert into CLIENTE (NOMBRE_CLIENTE,CALLE_CLIENTE,CIUDAD_CLIENTE) values ('Pérez','15','Arganzuela');
Insert into CLIENTE (NOMBRE_CLIENTE,CALLE_CLIENTE,CIUDAD_CLIENTE) values ('Rupérez','5','Arganzuela');
Insert into CLIENTE (NOMBRE_CLIENTE,CALLE_CLIENTE,CIUDAD_CLIENTE) values ('Santos','6','Arganzuela');
Insert into CLIENTE (NOMBRE_CLIENTE,CALLE_CLIENTE,CIUDAD_CLIENTE) values ('Sotoca','7','Arganzuela');
Insert into CLIENTE (NOMBRE_CLIENTE,CALLE_CLIENTE,CIUDAD_CLIENTE) values ('Valdivieso','8','Arganzuela');

SET DEFINE OFF;
Insert into CUENTA (NUMERO_CUENTA,SALDO,NOMBRE_SUCURSAL) values ('C-101',500,'Centro');
Insert into CUENTA (NUMERO_CUENTA,SALDO,NOMBRE_SUCURSAL) values ('C-215',700,'Becerril');
Insert into CUENTA (NUMERO_CUENTA,SALDO,NOMBRE_SUCURSAL) values ('C-102',350,'Galapagar');
Insert into CUENTA (NUMERO_CUENTA,SALDO,NOMBRE_SUCURSAL) values ('C-103',400,'Navacerrada');
Insert into CUENTA (NUMERO_CUENTA,SALDO,NOMBRE_SUCURSAL) values ('C-216',750,'Collado Mediano');
Insert into CUENTA (NUMERO_CUENTA,SALDO,NOMBRE_SUCURSAL) values ('C-217',900,'Moralzarzal');
Insert into CUENTA (NUMERO_CUENTA,SALDO,NOMBRE_SUCURSAL) values ('C-214',700,'Galapagar');
Insert into CUENTA (NUMERO_CUENTA,SALDO,NOMBRE_SUCURSAL) values ('C-104',500,'Centro');

SET DEFINE OFF;
Insert into IMPOSITOR (NUMERO_CUENTA,NOMBRE_CLIENTE) values ('C-216','Abril');
Insert into IMPOSITOR (NUMERO_CUENTA,NOMBRE_CLIENTE) values ('C-101','González');
Insert into IMPOSITOR (NUMERO_CUENTA,NOMBRE_CLIENTE) values ('C-102','González');
Insert into IMPOSITOR (NUMERO_CUENTA,NOMBRE_CLIENTE) values ('C-215','Gómez');
Insert into IMPOSITOR (NUMERO_CUENTA,NOMBRE_CLIENTE) values ('C-103','López');
Insert into IMPOSITOR (NUMERO_CUENTA,NOMBRE_CLIENTE) values ('C-217','Rupérez');
Insert into IMPOSITOR (NUMERO_CUENTA,NOMBRE_CLIENTE) values ('C-214','Santos');

SET DEFINE OFF;
Insert into PRESTAMO (NUMERO_PRESTAMO,IMPORTE,NOMBRE_SUCURSAL) values ('P-11',900,'Collado Mediano');
Insert into PRESTAMO (NUMERO_PRESTAMO,IMPORTE,NOMBRE_SUCURSAL) values ('P-14',1500,'Centro');
Insert into PRESTAMO (NUMERO_PRESTAMO,IMPORTE,NOMBRE_SUCURSAL) values ('P-15',1500,'Navacerrada');
Insert into PRESTAMO (NUMERO_PRESTAMO,IMPORTE,NOMBRE_SUCURSAL) values ('P-16',1300,'Navacerrada');
Insert into PRESTAMO (NUMERO_PRESTAMO,IMPORTE,NOMBRE_SUCURSAL) values ('P-17',1000,'Centro');
Insert into PRESTAMO (NUMERO_PRESTAMO,IMPORTE,NOMBRE_SUCURSAL) values ('P-23',2000,'Moralzarzal');
Insert into PRESTAMO (NUMERO_PRESTAMO,IMPORTE,NOMBRE_SUCURSAL) values ('P-93',500,'Becerril');

SET DEFINE OFF;
Insert into PRESTATARIO (NOMBRE_CLIENTE,NUMERO_PRESTAMO) values ('Fernéndez','P-16');
Insert into PRESTATARIO (NOMBRE_CLIENTE,NUMERO_PRESTAMO) values ('Gómez','P-11');
Insert into PRESTATARIO (NOMBRE_CLIENTE,NUMERO_PRESTAMO) values ('Gómez','P-23');
Insert into PRESTATARIO (NOMBRE_CLIENTE,NUMERO_PRESTAMO) values ('López','P-15');
Insert into PRESTATARIO (NOMBRE_CLIENTE,NUMERO_PRESTAMO) values ('Pérez','P-93');
Insert into PRESTATARIO (NOMBRE_CLIENTE,NUMERO_PRESTAMO) values ('Santos','P-17');
Insert into PRESTATARIO (NOMBRE_CLIENTE,NUMERO_PRESTAMO) values ('Sotoca','P-14');
Insert into PRESTATARIO (NOMBRE_CLIENTE,NUMERO_PRESTAMO) values ('Valdivieso','P-17');

SET DEFINE OFF;
Insert into SUCURSAL (NOMBRE_SUCURSAL,CIUDAD_SUCURSAL,ACTIVOS) values ('Collado Mediano','Peguerinos',5000);
Insert into SUCURSAL (NOMBRE_SUCURSAL,CIUDAD_SUCURSAL,ACTIVOS) values ('Centro','Arganzuela',10000);
Insert into SUCURSAL (NOMBRE_SUCURSAL,CIUDAD_SUCURSAL,ACTIVOS) values ('Navacerrada','Peguerinos',20000);
Insert into SUCURSAL (NOMBRE_SUCURSAL,CIUDAD_SUCURSAL,ACTIVOS) values ('Moralzarzal','Peguerinos',13000);
Insert into SUCURSAL (NOMBRE_SUCURSAL,CIUDAD_SUCURSAL,ACTIVOS) values ('Becerril','Peguerinos',10000);
Insert into SUCURSAL (NOMBRE_SUCURSAL,CIUDAD_SUCURSAL,ACTIVOS) values ('Galapagar','Arganzuela',12000);


INSERT INTO SUCURSAL (NOMBRE_SUCURSAL, CIUDAD_SUCURSAL, ACTIVOS) VALUES ('Leganés', 'SPS', '18000');
/
CREATE TABLE EMPLEADO 
(
  NOMBRE_EMPLEADO VARCHAR2(100) NOT NULL 
, CALLE VARCHAR2(100) 
, CIUDAD VARCHAR2(100) 
, CONSTRAINT EMPLEADO_PK PRIMARY KEY (NOMBRE_EMPLEADO)
);
/
INSERT INTO EMPLEADO (NOMBRE_EMPLEADO, CALLE, CIUDAD) VALUES ('Segura', 'Tebeo', 'La Loma');
INSERT INTO EMPLEADO (NOMBRE_EMPLEADO, CALLE, CIUDAD) VALUES ('Domínguez', 'Viaducto', 'Villa Conejo');
INSERT INTO EMPLEADO (NOMBRE_EMPLEADO, CALLE, CIUDAD) VALUES ('Gómez', 'Bailén', 'Alcorcón');
INSERT INTO EMPLEADO (NOMBRE_EMPLEADO, CALLE, CIUDAD) VALUES ('Valdiviezo', 'Fuencarral', 'Mósteles');
/

CREATE TABLE TRABAJO_A_TIEMPO_COMPLETO 
(	
	NOMBRE_EMPLEADO VARCHAR2(100 BYTE) NOT NULL, 
	NOMBRE_SUCURSAL VARCHAR2(100 BYTE) NOT NULL, 
	SUELDO FLOAT(126), 
 CONSTRAINT TRABAJO_A_TIEMPO_COMPLETO_PK PRIMARY KEY (NOMBRE_EMPLEADO, NOMBRE_SUCURSAL)
 );
 /
 
INSERT INTO TRABAJO_A_TIEMPO_COMPLETO (NOMBRE_EMPLEADO, NOMBRE_SUCURSAL, SUELDO) VALUES ('Segura', 'Majadahonda', 1500);
INSERT INTO TRABAJO_A_TIEMPO_COMPLETO (NOMBRE_EMPLEADO, NOMBRE_SUCURSAL, SUELDO) VALUES ('Domínguez', 'Majadahonda', 1300);
INSERT INTO TRABAJO_A_TIEMPO_COMPLETO (NOMBRE_EMPLEADO, NOMBRE_SUCURSAL, SUELDO) VALUES ('Barea', 'Fuenlabrada', 5300);
INSERT INTO TRABAJO_A_TIEMPO_COMPLETO (NOMBRE_EMPLEADO, NOMBRE_SUCURSAL, SUELDO) VALUES ('Valdiviezo', 'Fuenlabrada', 1500);
/

CREATE TABLE TRABAJO_POR_HORA 
(	
	NOMBRE_EMPLEADO VARCHAR2(100 BYTE) NOT NULL, 
	NOMBRE_SUCURSAL VARCHAR2(100 BYTE) NOT NULL, 
	SUELDO FLOAT(126), 
 CONSTRAINT TRABAJO_POR_HORA_PK PRIMARY KEY (NOMBRE_EMPLEADO, NOMBRE_SUCURSAL)
 );
 /
INSERT INTO TRABAJO_POR_HORA (NOMBRE_EMPLEADO, NOMBRE_SUCURSAL, SUELDO) VALUES ('Cana', 'Leganés', 1500);
INSERT INTO TRABAJO_POR_HORA (NOMBRE_EMPLEADO, NOMBRE_SUCURSAL, SUELDO) VALUES ('Cascalar', 'Navacerrada', 5300);
INSERT INTO TRABAJO_POR_HORA (NOMBRE_EMPLEADO, NOMBRE_SUCURSAL, SUELDO) VALUES ('Catalán', 'Leganés', 1600);
INSERT INTO TRABAJO_POR_HORA (NOMBRE_EMPLEADO, NOMBRE_SUCURSAL, SUELDO) VALUES ('Díaz', 'Centro', 1300);
INSERT INTO TRABAJO_POR_HORA (NOMBRE_EMPLEADO, NOMBRE_SUCURSAL, SUELDO) VALUES ('Fernández', 'Navacerrada', 1500);
INSERT INTO TRABAJO_POR_HORA (NOMBRE_EMPLEADO, NOMBRE_SUCURSAL, SUELDO) VALUES ('González', 'Centro', 1500);
INSERT INTO TRABAJO_POR_HORA (NOMBRE_EMPLEADO, NOMBRE_SUCURSAL, SUELDO) VALUES ('Jiménez', 'Centro', 2500);
INSERT INTO TRABAJO_POR_HORA (NOMBRE_EMPLEADO, NOMBRE_SUCURSAL, SUELDO) VALUES ('Ribera', 'Navacerrada', 1300);

 

commit;
